Product,Category,Unit_Cost
Wireless Headphones,Electronics,1200.0
Bluetooth Speaker,Electronics,850.0
Smart Watch,Electronics,2200.0
USB-C Charger,Electronics,450.0
Power Bank,Electronics,700.0
Laptop Stand,Accessories,900.0
Wireless Mouse,Accessories,500.0
Keyboard,Accessories,800.0
Backpack,Accessories,1100.0
Water Bottle,Lifestyle,350.0
Coffee Mug,Lifestyle,250.0
Desk Lamp,Home & Office,750.0
Notebook,Stationery,120.0
Pen Set,Stationery,180.0
Desk Organizer,Home & Office,400.0
Phone Case,Accessories,300.0
Earphones,Electronics,650.0
Tablet Stand,Accessories,600.0
Office Chair,Home & Office,4500.0
LED Monitor,Electronics,7000.0
